"pypi_package","n_files"
"numpy",218
"pandas",125
"matplotlib",86
"scipy",58
"seaborn",41
"scikit-learn",34
"django",26
"bioread",23
"otree",22
"pytest",21
"statsmodels",18
"tqdm",17
"pingouin",8
"Pillow",7
"pandas_ods_reader",7
"tornado",6
"nltk",6
"docopt",6
"h5py",4
"gensim",4
"requests",4
"joblib",4
"opencv-python",4
"mycolorpy",4
"bayesian-optimization",4
"scikit-image",3
"flask",3
"PyYAML",3
"networkx",3
"toml",3
"frozendict",3
"palettable",2
"jinja2",2
"sqlalchemy",2
"pytz",2
"setuptools",2
"pylink",2
"kneed",2
"transformers",2
"ptitprince",2
"wordcloud",2
"datamatrix",2
"eyelinkparser",2
"scikit-optimize",2
"pymatreader",2
"einops",1
"jsonpickle",1
"flask_restful",1
"flask_cors",1
"bambi",1
"arviz",1
"rpy2",1
"importlib_resources",1
"docutils",1
"plotly",1
"dash",1
"eyelinker",1
"textgrid",1
"neurokit2",1
"pyllusion",1
"mosestokenizer",1
"regex",1
"progressbar",1
"evaluate",1
"matplotlib_venn",1
"shapely",1
"lxml",1
"wget",1
"fasttext",1
"huggingface_hub",1
"PyDAQmx",1
"surprisal",1
