"package","n_files"
"tidyverse",NA
"dplyr",NA
"knitr",NA
"ggplot2",NA
"psych",NA
"lme4",NA
"lmerTest",NA
"tidyr",NA
"car",NA
"lavaan",NA
"brms",NA
"emmeans",NA
"plyr",NA
"sjPlot",NA
"ggpubr",NA
"stringr",NA
"readxl",NA
"readr",NA
"reshape2",NA
"kableExtra",NA
"here",NA
"broom",NA
"Hmisc",NA
"effectsize",NA
"data.table",NA
"cowplot",NA
"afex",NA
"scales",NA
"lsr",NA
"rstatix",NA
"gridExtra",NA
"rstudioapi",NA
"patchwork",NA
"effsize",NA
"pacman",NA
"assortedRFunctions",NA
"BayesFactor",NA
"haven",NA
"foreign",NA
"broom.mixed",NA
"purrr",NA
"Rmisc",NA
"papaja",NA
"apaTables",NA
"interactions",NA
"TOSTER",NA
"jsonlite",NA
"devtools",NA
"MASS",NA
"performance",NA
"janitor",NA
"corrplot",NA
"ggthemes",NA
"jtools",NA
"rio",NA
"effects",NA
"ggeffects",NA
"lattice",NA
"openxlsx",NA
"tidybayes",NA
"magrittr",NA
"pwr",NA
"Matrix",NA
"nlme",NA
"semTools",NA
"mediation",NA
"reshape",NA
"tibble",NA
"polspline",NA
"report",NA
"rslurm",NA
"glue",NA
"metafor",NA
"flextable",NA
"boot",NA
"lubridate",NA
"misty",NA
"bayesplot",NA
"ez",NA
"matrixStats",NA
"forcats",NA
"GPArotation",NA
"lmtest",NA
"ltm",NA
"easystats",NA
"semPlot",NA
"sjmisc",NA
"wesanderson",NA
"xtable",NA
"ggdist",NA
"simr",NA
"fs",NA
"MuMIn",NA
"bayestestR",NA
"digest",NA
"GGally",NA
"parameters",NA
"remotes",NA
"reproducibleRchunks",NA
"viridis",NA
"bain",NA
"glmmTMB",NA
"writexl",NA
"plotrix",NA
"RColorBrewer",NA
"rstan",NA
"correlation",NA
"ggrepel",NA
"sjstats",NA
"MBESS",NA
"apa",NA
"beepr",NA
"sjlabelled",NA
"irr",NA
"ggh4x",NA
"ggsignif",NA
"mvnormalTest",NA
"qualtRics",NA
"stargazer",NA
"ggExtra",NA
"hrbrthemes",NA
"bruceR",NA
"pkg",NA
"sandwich",NA
"summarytools",NA
"dynamic",NA
"jmv",NA
"mgcv",NA
"multcomp",NA
"plotly",NA
"see",NA
"gdata",NA
"httr",NA
"lavaanPlot",NA
"lm.beta",NA
"rmarkdown",NA
"RSQLite",NA
"stringi",NA
"zoo",NA
"ggstatsplot",NA
"gtools",NA
"testthat",NA
"foreach",NA
"furrr",NA
"ggridges",NA
"gmodels",NA
"R.utils",NA
"renv",NA
"xlsx",NA
"doMC",NA
"mice",NA
"officer",NA
"ppcor",NA
"TripleR",NA
"arm",NA
"esc",NA
"gtsummary",NA
"lavaan.survey",NA
"lmSupport",NA
"loo",NA
"new.packages",NA
"optimx",NA
"paramtest",NA
"pastecs",NA
"psy",NA
"influence.ME",NA
"lifecycle",NA
"ODPHelper",NA
"pdftools",NA
"r2glmm",NA
"Rcpp",NA
"readstata13",NA
"reghelper",NA
"xfun",NA
"buildmer",NA
"DataCombine",NA
"DescTools",NA
"factoextra",NA
"ggbeeswarm",NA
"ggforce",NA
"lsmeans",NA
"modelsummary",NA
"neatStats",NA
"RCurl",NA
"weights",NA
"AICcmodavg",NA
"doParallel",NA
"FactoMineR",NA
"jmvcore",NA
"lavaanExtra",NA
"mirt",NA
"MRColour",NA
"R6",NA
"rcompanion",NA
"rprojroot",NA
"rtdists",NA
"runjags",NA
"skimr",NA
"trimr",NA
"entropy",NA
"future",NA
"ggside",NA
"ggtext",NA
"insight",NA
"mousetrap",NA
"psycho",NA
"rethinking",NA
"simsem",NA
"tidytext",NA
"caret",NA
"corrr",NA
"corrtable",NA
"eRm",NA
"gghalves",NA
"groundhog",NA
"latex2exp",NA
"modeest",NA
"multicon",NA
"multilevelTools",NA
"naniar",NA
"ordinal",NA
"osfr",NA
"png",NA
"posterior",NA
"QuantPsyc",NA
"rlang",NA
"rstanarm",NA
"semPower",NA
"yarrr",NA
"bwrappers",NA
"confintr",NA
"datawizard",NA
"extrafont",NA
"gt",NA
"gtable",NA
"JSmediation",NA
"nnet",NA
"randomForest",NA
"rempsyc",NA
"RRreg",NA
"DiagrammeR",NA
"doBy",NA
"DT",NA
"EFA.dimensions",NA
"faux",NA
"gmp",NA
"gplots",NA
"hablar",NA
"huxtable",NA
"logspline",NA
"marginaleffects",NA
"pbkrtest",NA
"pscl",NA
"qgraph",NA
"r2mlm",NA
"rmcorr",NA
"shiny",NA
"Superpower",NA
"tidyboot",NA
"tidylog",NA
"varhandle",NA
"WRS2",NA
"assertthat",NA
"binom",NA
"bookdown",NA
"bridgesampling",NA
"carData",NA
"caTools",NA
"circular",NA
"conflicted",NA
"doRNG",NA
"e1071",NA
"energy",NA
"ggraph",NA
"ggsci",NA
"igraph",NA
"MatchIt",NA
"memisc",NA
"MetBrewer",NA
"multilevel",NA
"neuralnet",NA
"nparcomp",NA
"olsrr",NA
"PACKAGES",NA
"paletteer",NA
"party",NA
"PerformanceAnalytics",NA
"plm",NA
"pROC",NA
"quanteda",NA
"quarto",NA
"quest",NA
"questionr",NA
"robumeta",NA
"robustbase",NA
"sn",NA
"tree",NA
"bootnet",NA
"careless",NA
"cocor",NA
"DiagrammeRsvg",NA
"dotwhisker",NA
"emodiff",NA
"exactRankTests",NA
"eyetrackingR",NA
"fixest",NA
"ggcorrplot",NA
"ggmap",NA
"ggstance",NA
"googledrive",NA
"ICC.Sample.Size",NA
"labelled",NA
"lfe",NA
"merTools",NA
"metaSEM",NA
"MOTE",NA
"MVN",NA
"pander",NA
"raster",NA
"Replicate",NA
"rockchalk",NA
"rsvg",NA
"RVAideMemoire",NA
"SCED",NA
"schoRsch",NA
"sp",NA
"specr",NA
"table1",NA
"td",NA
"threadr",NA
"timesavers",NA
"tm",NA
"usethis",NA
"x",NA
"aod",NA
"bit64",NA
"CircStats",NA
"cmdstanr",NA
"coda",NA
"colorspace",NA
"DHARMa",NA
"easypackages",NA
"emayili",NA
"fields",NA
"finalfit",NA
"furniture",NA
"geosphere",NA
"ggfortify",NA
"ggpattern",NA
"ggplot",NA
"glmnet",NA
"goeveg",NA
"gstat",NA
"gvlma",NA
"HDInterval",NA
"heplots",NA
"hexSticker",NA
"languageR",NA
"magick",NA
"maptools",NA
"meta",NA
"miceadds",NA
"mixedpower",NA
"mlr",NA
"modelbased",NA
"modelr",NA
"moments",NA
"MplusAutomation",NA
"NetworkComparisonTest",NA
"nls.multstart",NA
"nlstools",NA
"pdp",NA
"phia",NA
"pracma",NA
"PupillometryR",NA
"rgdal",NA
"rgeos",NA
"RSAGA",NA
"rsample",NA
"sfsmisc",NA
"spacetime",NA
"statcheck",NA
"stringdist",NA
"survey",NA
"tableone",NA
"tidylsr",NA
"tidyselect",NA
"tidySEM",NA
"tinytex",NA
"vcd",NA
"visreg",NA
"WriteXLS",NA
"yhat",NA
